{
  "max_depth": 6,
  "learning_rate": 0.014183920704101604,
  "n_estimators": 370,
  "subsample": 0.6995013145580201,
  "colsample_bytree": 0.8303796180416673,
  "min_child_weight": 6,
  "reg_alpha": 0.3291416377354152,
  "reg_lambda": 0.5960436489909882
}