{
  "max_depth": 6,
  "learning_rate": 0.01677336217755849,
  "n_estimators": 301,
  "subsample": 0.7004580198697176,
  "colsample_bytree": 0.96682333278775,
  "min_child_weight": 10,
  "reg_alpha": 0.3180684451125465,
  "reg_lambda": 1.7043137654035836
}